,name,address,phone_number,card_number,order_number
0,Jermaine Bird,USCGC Horne FPO AA 66746,434.094.3422,4445402932618393,243-95791-6423
1,Gary Evans,"441 Patricia Mission Apt. 881 Port Jenniferstad, MA 19420",394-759-0968,4389451353224,206-19157-5726
2,Carlton Kennedy,"6595 Williamson Oval Apt. 550 Lewisfurt, GA 27802",3972120703,4727270177372706,906-23572-0277
3,Morgan Clouser,"99665 Marie Square Apt. 515 Priceland, IA 83136",182.354.2779,6011917924319485,756-65586-7717
4,Gary Ortiz,"44794 Robert Orchard West Nathanville, KS 48908",391.520.5343,676244531957,806-66793-1443
5,Denise Lawson,"300 Kramer Greens West Courtneyborough, ID 04306",8430313845,6535266891310664,345-25408-8001
6,Virginia Wilde,"677 Davis Motorway East Lori, VT 44400",9793016348,30356750076457,420-48127-2293
7,Robert Ruffin,"3748 Vicki Radial Apt. 459 Emilyfurt, SD 50093",865.731.5760,2232076720707682,211-44801-7242
8,Socorro Walsh,"93056 Vincent Gardens Suite 751 North Chloe, FL 98682",865-864-4111,4584792516185558,470-57456-7796
9,Tony Pratt,"6055 Erin Knolls Suite 187 Wendystad, KS 62430",2374243610,4181337866994212,128-28142-7459
10,Sadie Lowery,"5236 Garcia View North Robert, TX 26396",3874808357,30494876115832,136-93541-4024
11,Lisa Jackson,"8336 Allen Station Amyland, NE 97562",426-197-1128,180035014029415,163-19978-6208
12,Garland Lockhart,"388 Linda Station Suite 254 East Gregoryburgh, ID 63138",134.175.7294,4285453391873584,677-79254-1925
13,Charles Schumacher,"029 Brooks Trail West Jamie, MA 12781",260-388-6590,2720373302873902,284-16516-2013
14,Belinda Altmann,"644 Gonzales Drives Lutzland, MI 35085",323.298.2813,30267881903719,596-89136-4833
15,Tabatha Reilly,"3322 Tiffany Crescent Priceside, MA 31586",401.675.4365,582715821358,537-37949-6801
16,Anthony Ziegler,"14996 Anita Junction Lake Michael, KY 46966",521.726.2044,502095808734,980-76781-7304
17,Mary Treible,"60748 Arnold Knolls Carlfort, MN 30523",754.526.8541,4126235227812867,578-94572-0049
18,Jeff Apo,"28639 Griffin Meadows West Timothy, OR 78970",436-411-0487,4721958401452258196,457-60167-3382
19,Jimmie Franklin,"827 Julia Junction West Vanessa, KS 10386",136.518.2958,379893681571379,634-45255-2258
20,Edwin Gambino,"587 Debbie Ridges Suite 793 Lyonsbury, ME 06515",360.584.3540,30353799461998,989-77079-8474
21,Bryon Shirk,"PSC 5121, Box 7935 APO AE 62081",9724848648,4932254167753290,284-81146-2566
22,Marian Scott,"2625 Sherman Isle Suite 925 Tracymouth, OH 94987",733.287.8425,38102349775833,735-81314-6162
23,Betty Baldwin,"86183 Smith Hollow Apt. 927 Harringtonstad, MN 50219",432.071.0856,4195930341365702098,727-96627-5150
24,Joseph Chacko,"846 Fisher Pines East Matthew, NM 85246",141.043.6644,4877714764305163,525-12756-7755
25,Mark Suzuki,"4262 Church Knolls Suite 385 Harriston, AZ 80143",590.675.1142,3567851804008329,817-26864-2854
26,Charlotte Degreenia,"PSC 8622, Box 4438 APO AE 78054",239-113-3790,30146382134687,512-49586-4277
27,Frank Dulle,"884 Wyatt Ferry Sherriville, WY 24690",8882795184,3517075123066070,307-37068-7556
28,Thomas Buckley,"9453 Catherine Lakes Apt. 302 North Johnbury, GA 91697",1555743142,4974356291113645,118-64942-7697
29,Todd Francis,"PSC 3343, Box 0341 APO AP 54755",671.877.3511,4462576961559,380-52924-5776
30,Mary Morgan,"312 Candice Roads Gillstad, NE 04347",541.708.1059,2256933153110969,589-64446-9295
31,Julio Beach,"04308 John Curve West Wyatt, RI 57521",515.698.3966,347780922597314,664-92233-0788
32,Nellie Mccarthy,"7196 Michael Station Jessicamouth, NV 68837",536.256.1464,4874507251694969024,330-41825-3272
33,James Perkins,"21385 Larson Drive Apt. 355 East Michael, WV 62320",5163651776,060402931194,282-26407-1282
34,Darlene Chronis,"97284 Bradley Track Apt. 386 Danielstad, AK 77216",686.271.8305,503842194022,242-52513-1459
35,Matthew Cloutier,"423 Travis Mountains West Stevenchester, KY 84699",6480624173,4670898699950059,343-33840-7200
36,Mildred Munoz,"5686 Welch Pines Lopezhaven, WI 43267",744-016-3026,213157562445891,813-17191-9418
37,Charles Duhl,"14495 Miles Overpass Apt. 171 New Andreachester, CO 62967",4995271956,3518393051933198,465-54858-8917
38,Lara Stevenson,USNV Ross FPO AE 81260,785.768.0168,5323231328189329,383-76403-0718
39,Todd Richardson,"34440 Mason Walk Suite 208 West Lancefort, NJ 30087",9858648765,4469999644247586,726-80555-8239
40,Todd Cass,"PSC 8536, Box 7037 APO AP 75211",9541658058,4725594004832695,168-19595-3672
41,Jordan Townsend,"23599 King Plain Suite 953 Jillstad, UT 42775",4352141069,180010807210092,704-95343-0278
42,Kelly Harvey,"396 Sharon Green Suite 785 Alexandraville, IN 13077",150.012.5061,4326325937141133,945-30603-1114
43,Kimberly Driever,"9413 Santiago Grove Lake Jeffreyville, KS 10908",491-202-6360,375991643619288,568-62786-6730
44,Cathy Martin,"0490 Jennifer Cliff Apt. 328 North Carmen, WV 15641",898-563-4500,4716968308124830476,394-40443-0941
45,Pricilla Rocco,"084 Melissa Coves Jenniferberg, MT 43967",715-242-3024,3509642904359436,962-83014-1410
46,Vincent Eberhart,"6019 Jessica Union Apt. 381 Anthonyport, NH 70531",5640261209,30432615191680,779-84180-8487
47,Francisco Scruggs,"012 Anna Crescent Cortezchester, WY 09325",277.292.9937,3552217302504440,902-10869-9237
48,Stephen Dorman,"384 Dominic Knoll Joshuachester, IA 24801",883.450.2404,4931400922714,881-87854-9275
49,Lucille Bentley,"4301 Sanders Valley Apt. 094 New Sarahbury, OH 18120",5337147684,4996291374989948,278-53477-6999
50,Rosa Duarte,"762 Michele Harbors South Marcbury, NM 63741",4765313326,4500912857369204,941-82953-2090
51,Scott Singh,"109 Hunt Flat Walkerfort, VT 18055",535-240-6937,4899666202049429,910-92836-9356
52,Daniel Smith,"5473 Kathy River Apt. 780 West Andrea, ME 21103",383.384.9751,589322708936,782-36793-3006
53,Jose Royer,USCGC Miller FPO AP 39267,126.803.3612,4040143355800,929-74735-7168
54,Mary Winters,"005 Castillo Locks Muellerberg, CT 52836",1573986314,373676077877823,697-68446-1665
55,Karren Andrews,"281 Matthew Islands New Joeltown, FL 05736",3672248883,3534439598329364,305-46820-8585
56,Mary Fox,"070 Matthew Summit Nguyenbury, ID 40439",4355980481,373332891460640,762-53171-7510
57,Marisa Rios,"10310 Anna Trail Apt. 080 West Michaelamouth, IA 55406",594-179-9039,4030270525010,120-97373-2343
58,Leah Brimmage,"91440 Michelle Crossing Davisport, PA 86624",792-832-4729,2255895222206352,937-83996-0462
59,Pete Neary,"7352 Kenneth Shoals Suite 582 Pachecohaven, WA 77863",720.384.7118,503823550739,964-69335-9499
60,Bethany Stephenson,"4365 Clayton Mall Apt. 566 New Mariechester, NH 29273",833-269-7811,30074733287170,324-85326-2146
61,Andrea Goodpasture,"692 Cheyenne Lane Apt. 836 Port Sarahton, NV 29071",920-379-1766,379812808776935,622-67058-0631
62,Keith Polk,"699 Williams Locks Suite 198 East Amyburgh, HI 27439",738-514-6317,6011862852048914,961-24143-5395
63,Jessie Goettle,"0302 Parsons Bridge Port Todd, IA 75032",407-113-6502,3580298095727048,332-43400-6165
64,Aaron Wong,"18402 Jo Orchard Lake Lisaburgh, IA 12099",1008164222,6579716380986264,680-64823-4338
65,Ronald Harris,"226 Nicole Ramp Apt. 929 Prestonfurt, UT 29527",521.183.2847,340421415230496,312-75184-7397
66,Bobby Dean,Unit 1710 Box 7689 DPO AA 73323,6341396361,4238873075982567,959-18592-5885
67,Adriana Weaver,"3696 Peters Mills Suite 208 Port Carlos, CA 81041",703.722.7605,180005470037590,391-69511-4951
68,Mark Naquin,"1566 Walter Circles Apt. 505 Port David, ND 75269",170.594.7905,3538209841864780,379-50892-9921
69,Curtis Schupp,"49012 Kevin Stream Port Tracy, MS 46020",696.478.7469,180007468489684,471-19398-1912
70,Jaquelyn Harris,"339 Jared Neck East Johnstad, AK 38101",190-490-0453,345030976029919,289-24150-8877
71,Carmen Dewoody,"390 Davis Parkways Suite 080 East Lisa, CT 41478",4068592741,630452065505,204-67745-7967
72,Charles Robinson,"713 Steven Camp Herringtown, OR 64296",4372669839,4547037843693817,124-67823-3715
73,Janice Fellman,"85790 Sonia Drive Turnerburgh, OK 66800",2413668510,4992095647164,632-66715-3727
74,Shawn Duby,"16470 Clark Stravenue Lake Brianstad, SD 29735",8113559907,4178832293165035,600-57281-6203
75,John Sexton,"309 Williams Corner Suite 371 Atkinsonchester, NM 58804",634.360.7911,4542709423186876,293-71513-6677
76,Miguel Anderson,"039 Parrish Summit Suite 008 Lisatown, SC 45253",662.629.2114,3540150629368626,330-57519-0149
77,Gary Wilson,"38172 Debra Crossing Suite 856 New Sarahview, NV 11614",940.676.1661,3552826166195614,345-66766-3637
78,Richard Hooks,Unit 8245 Box 2040 DPO AA 74090,150-141-7060,2707337982549733,227-20252-7115
79,Paul Milosevic,"105 Stanley Shoals Suite 214 North Erik, TX 60583",862.156.7600,180005499084706,681-23831-4265
80,Marvin Baker,"18798 Pitts Lane East Feliciachester, CT 11628",3823386005,347211324311237,336-54528-8546
81,James Isom,"55961 Arias Roads Suite 519 West Cynthia, AR 13131",3241140048,4347829306799699,348-77371-2667
82,Pamela Miller,"04353 Carolyn Cape South Blake, HI 26347",677-316-5713,213186634720049,814-78051-1801
83,Leonard Quinn,"23994 Sandra Road Jamesville, AK 12325",356-287-1500,4180163659056329,820-95084-9150
84,Fabian Quillen,"39387 Stephanie Gardens Suite 712 New Christinamouth, HI 23440",6555218559,346043746561235,734-19553-5117
85,Henry Ryan,"1076 Tanner Walks Suite 073 Lisamouth, OH 76421",579.323.2212,3592852776520753,987-62733-7187
86,Erin Spachtholz,"1192 Jones Corner Port Michelle, FL 09798",6443936082,378041429659467,742-87196-3677
87,Orlando Buitron,"760 Todd Mills Apt. 332 North Jacobchester, MN 93166",344-342-1674,30260597515620,981-56982-8545
88,Simon Delong,"01390 David Row Mitchellville, NC 66920",923.802.0057,6509385991734169,592-33431-3330
89,Travis Grove,"2622 Myers Fort Apt. 443 Santiagoview, WV 35855",4151322776,4727805435645,355-43612-2867
90,Roxana Barrett,"644 Jones Wall Suite 343 New Steven, NE 84328",470-626-0925,4660292658454,728-51725-1940
91,Mary Casey,"782 Golden Points Brownmouth, MN 15669",269-055-6566,3533639212446954,907-71223-1666
92,Nancy Hicks,"61078 Raymond Landing Apt. 953 Owensside, MI 31081",442.710.3572,502051307739,149-98026-8004
93,Donna Hollingsworth,"15416 William Run South Michelle, CA 42701",911.270.2981,4307511148429135,125-67869-9504
94,Jennifer Medina,"24734 Samantha Squares Suite 306 East Amberstad, CT 97003",378.515.5041,2224110235344465,113-30396-3695
95,Ann Jones,"1241 Derrick Way Hoborough, KS 73085",461.412.3468,213105347192700,721-44053-2281
96,Mildred Wade,"948 House Meadows Tylerhaven, VA 82618",174.583.9500,3510969244694843,609-86765-7244
97,Sarah Tidwell,Unit 4347 Box 2393 DPO AE 61964,215-646-2009,6011435712654658,183-33746-2147
98,Elsie Ng,USS Jones FPO AE 96227,317.146.7945,38215242107555,713-95455-8942
99,Earl Williams,"551 Jimmy Burg Jasonberg, TX 70043",625-556-9382,4220823708805,717-33728-8021
100,Rosa Truong,"11222 Buchanan Pike Suite 063 Lake Kim, WV 99739",8796752633,4825809277435623,967-21701-2083
101,Bonnie Howard,"57220 Sheryl Isle Sheilabury, WV 93293",4641709537,4609511262911,525-89884-1362
102,Armand Hollars,Unit 0030 Box 2904 DPO AE 33403,693-369-3690,3519421612451274,776-42316-8866
103,Lisa Evans,"6964 Lisa Loop South Laura, AZ 25821",334-869-3494,4744901922319,527-55327-3277
104,Ned Armstrong,"6203 Richard View Suite 752 Port Joshuabury, WA 48145",111-211-4318,4177900268311,796-62921-1724
105,Randy Schimke,"889 Johnston Square New Katrinabury, AK 95236",2851300890,4774277101594,761-83042-3524
106,Leda Stout,"23249 Miller Walk Apt. 839 New Matthewstad, MI 75387",4203623447,213116802896495,479-46847-9304
107,Bobby Nash,"156 Sanchez Rapids Lake Jacob, MI 58684",986-377-1721,30128948906790,484-73266-4286
108,Latonya Blood,"496 Johnston Turnpike Martinezton, WA 82235",748-522-0831,676126231734,300-26877-4946
109,Carolyn Johnson,"2582 Green Loaf Apt. 766 Timothymouth, IN 28762",315-269-4789,213171994878587,592-97560-3070
110,George Ordonez,"7216 Vasquez Groves Apt. 291 Olsonland, OH 90133",5024971188,345131977439949,280-68516-2516
111,Nancy King,"9707 Ebony Forest Lake Jason, VT 10515",5987733677,347958648571215,921-88622-1570
112,Roger Green,"9555 Fox Squares Thomasburgh, OH 11399",7034738560,6587031316454894,871-41658-5260
113,Justin Green,"6400 Mitchell Hill West Keithstad, MN 93094",310-533-8066,213160029372336,892-45894-0476
114,Tony Alderman,"20781 Yolanda Mountain Davidton, KS 47569",854-593-4753,2293955615484430,358-42966-0521
115,Rosella Cruz,"0293 Taylor Ridge North Ashleymouth, ID 25660",6461698490,4579928547048442,683-83551-4317
116,Danny Rhine,"42916 Donna Station Cooperstad, FL 84765",2067002111,4417202396513,152-44004-8725
117,Kimberly Gunderman,"249 Heather Land New Kennethmouth, OR 43765",7572035166,4352984800732936,921-32361-7260
118,George Long,"30873 Cole Forges Apt. 095 East Valerie, WV 81416",482-506-3484,30406690627859,155-50835-9175
119,Vernon Varos,"49065 Emily Underpass Sethstad, ID 26738",2095196939,582157036317,731-23815-5546
120,Kathleen Dennard,"76228 Spencer Club North Jorge, IA 84541",233-396-3773,378805062573411,154-40362-4983
121,Richard Hadlock,"20044 Marilyn Motorway Suite 626 Johnside, PA 32719",289-092-4907,2228129096099550,226-84487-7088
122,Jeffrey Barajas,"982 Mills Oval Suite 346 Andreashire, OH 99641",6041255976,3589350375933696,399-44637-2768
123,Juanita Janecka,"883 Chelsea Freeway Lake Cathy, NH 47615",966-873-4845,4794050945244810163,685-54631-5788
124,Tomas Patter,"968 Erika Ford New Amanda, DE 60622",3850364895,3541213395592396,200-75982-8593
125,Ernest Peterson,"581 Gonzalez Avenue Keithton, AZ 08962",223.106.1638,4953223893170614072,588-66177-5185
126,James Bell,"280 Ryan Dale Suite 971 Port Jeremyton, ND 61913",955.204.8903,676353632331,254-14426-4839
127,Sherri Edwards,"90760 Christopher Greens East Deborah, ID 11342",111.602.3572,5545528634956636,447-26521-6852
128,Theresa Hinson,"86864 Cook Vista Apt. 707 South Tara, CA 21381",378.475.4639,348994033888632,562-38979-4349
129,Joel Kaehler,"81434 Jacob Isle Apt. 654 Smithmouth, NJ 60327",7102417844,4044859631461,685-54101-2617
130,Ida King,"358 Rhodes Trafficway Nicholsland, AL 90217",351.778.3460,341451949400280,125-40596-2698
131,Alice Sieracki,"16736 Nichols Cliffs Suite 814 Spencerburgh, MT 40046",500.362.9159,36059234201030,891-59681-8784
132,Harry Ortiz,"362 Huang Corners West Terri, SC 20079",849-190-9316,30404710319417,458-82615-1348
133,Julie Ferguson,"38137 Francisco Inlet Apt. 771 West Jonathan, DE 05318",992-863-5692,4839206851500,120-69470-3746
134,Carl Sundermeyer,"325 Laura Valleys Suite 092 Johnstown, AR 26962",949.301.9233,3544188327309993,318-19383-8873
135,Winfred Boley,"4976 Silva Locks Hornshire, MS 71698",525.404.3734,676374708987,704-17216-0458
136,John Whitney,"83622 Martinez Square South Williamville, ME 17034",932.399.1251,4047201571707109,660-53518-7400
137,Peter Clark,"7926 Dennis Stravenue Brownmouth, NH 07386",713-665-2026,4639137697502657,213-17716-9475
138,Quincy Christie,"7808 Gutierrez Villages Port Antonio, OR 16352",565-725-1310,30538454725295,577-88522-5123
139,Samantha Martinez,"123 Kim Centers Port Juan, NY 77559",117.136.6702,4381658815847062,110-55224-5166
140,Margaret Hansen,"PSC 2300, Box 6346 APO AE 48561",4782468838,4751709639646453,682-18207-3827
141,Charlotte Lingafelter,"79651 Karen Streets New Christopher, MD 59229",416.847.8197,4180318309936417,651-43268-9259
142,Robert Menken,"63658 Michelle Extension Shawnton, WY 08991",2434630072,342608199581403,115-80222-5048
143,George Morgan,"46116 Mckenzie Village Apt. 503 Lewisstad, CA 27037",915-683-2225,502060317711,258-22964-6404
144,Myrtle Chick,"983 Barry Lakes Apt. 497 East Kevin, OK 65921",272-545-2335,4033136317069,254-40572-0563
145,Thomas Holmes,"02379 May Motorway Apt. 112 Meyermouth, IL 44859",802.718.3804,4962810233616383075,844-97895-9416
146,Linda Gonzalez,"815 Michael Spurs East Jared, MO 21606",971-202-6572,4074299467295292,948-16730-1887
147,Lawrence Chacon,"PSC 5790, Box 9953 APO AA 83838",182.458.3104,4087109033260362995,916-29270-2845
148,Clifford Bowers,"5325 Clarke Spring New Jamieberg, KS 64148",742-316-4543,4283627926287129,905-13099-2888
149,Frances Thompson,"4349 Christopher Burg South Jenna, PA 66243",7216900164,2265874785654413,883-32301-3624
150,Robert Reynolds,"PSC 2467, Box 1907 APO AA 54218",795-520-3486,180025389412999,601-92319-0251
151,Patrick Hartman,"701 Lindsey Forest North Shannon, NC 45639",4922513993,343558061752468,658-76120-5371
152,Dana Robertson,"50964 Sloan Walk Trevinoville, TN 16825",473-394-5033,3589856541842413,523-60010-3424
153,Eric Bruce,Unit 5092 Box 0657 DPO AA 09033,302-764-7927,4032943016600731,380-26376-8261
154,Marsha Hurley,"9257 Johnson Springs Josehaven, NJ 80512",367-433-9460,2716486365390980,438-37213-8767
155,Sandra Fraser,"1252 Melanie Points Christopherhaven, KS 65154",456-262-3457,30129836684887,105-31497-5179
156,Maggie Collins,"5154 Samuel Isle Lake Brian, MA 04455",156.854.0446,3543308661992938,104-91121-4101
157,Anthony Jenkins,"974 Kimberly Forest Rhondafurt, MO 65021",719.348.8371,4861014193727,833-97074-0860
158,Doug Haynes,"70804 Felicia Spur Suite 675 North Nicoleberg, WA 11937",783.315.5606,30397522070600,798-31544-5976
159,Michele Perry,"742 Thomas Glens Suite 412 New Neil, WY 72125",468.692.1900,4203011755417653179,467-66214-1674
160,Thanh Barth,"274 Connie Port Grayland, SD 03005",219.751.7683,4722473314859438,125-88045-7716
161,Keith Miller,"04054 Hernandez Fall Suite 538 Andrewport, PA 46366",8058830026,4317913358524357,121-39514-6286
162,Betty Oberg,"80191 Hines Estate Suite 156 Port Ronald, FL 12354",412-248-1267,345642519569159,363-69619-5912
163,Tony Frey,"345 Richard Meadow Suite 086 South Christine, UT 53236",495.415.8185,676230752831,894-93942-7889
164,Maria Bustillos,"709 Joel Plains Suite 452 Johnview, NE 27483",6385444302,4574206160697948093,383-51949-4790
165,Jennifer Quinlan,"69772 Berry Trail Dudleystad, AL 70181",955-656-9563,2291334516646756,829-46375-4632
166,Miriam Roy,"41706 Reeves River Apt. 245 Port Deborahmouth, PA 95133",132-556-3173,4341622146292,952-29997-9385
167,Paul Read,"29120 Lindsey Fords Apt. 654 Port Tarabury, KY 24607",4833935081,4953163997964296,524-16651-0457
168,Jose Dotson,"99411 Lauren Bypass Suite 363 Whitakerfort, LA 53544",859-293-9367,3583921084919790,370-74261-4905
169,Alexis Harms,"5815 Brett Plaza Dylanmouth, GA 83918",359.201.2839,563791580019,650-25621-2589
170,Ray Grant,"279 Lisa Mountains Suite 023 Lake Alexland, KY 71413",200.038.7985,3582399748719040,788-96335-4088
171,Kristal Garrison,"28280 Steven Parkway Melissatown, KS 47242",7814593794,2264488326435751,352-20146-6367
172,Mitchell Williams,"11833 Holmes Court Jacquelineside, NH 93823",153-693-1809,562142460244,874-64224-8553
173,John Hudson,"8381 Brown Path West Diamond, IL 48432",472-107-4977,3597501828727586,481-99608-4422
174,Patricia Stgermain,"3215 Martinez Freeway Apt. 310 Millerstad, DC 93081",920.430.7453,3580877058443261,844-63719-7653
175,Shannon Burke,"601 Carly Tunnel North Sherryfurt, HI 63886",197.729.3919,4394374026747274,340-16162-3327
176,Kelly Benson,"6325 Joseph Crossroad East Jonathan, VA 14121",897-673-8862,4401317350337544,150-60003-4798
177,Edna Rosner,"4941 Rivera Route South Eric, RI 16165",3272055687,3561230378702631,111-91474-6016
178,Jason Pulliam,"89705 Rodriguez Plain West William, DE 58020",596.523.1970,3512260686359063,834-31399-6975
179,Harold Ford,"76840 Jesse Ports Suite 464 South Melissaton, CT 90179",8844443822,180008178430141,349-67578-7715
180,Joyce Long,"PSC 5940, Box 5113 APO AP 00514",934.353.7589,4620939842870983,421-78501-8589
181,Frank Lynch,"876 Robert Forks Suite 352 West Robert, MD 70480",220-027-6777,3512848884963015,228-37971-3771
182,Jon Gammill,"430 Barron Path East Katherine, TN 98851",6685031468,3560438229444672,489-46169-3357
183,Kevin Pickle,"715 Mark Cape Suite 877 North Michellefort, NE 31766",366.456.5952,501833288704,261-25639-9489
184,Claire Whalen,"624 Erica Rapid Suite 471 Lake Kristy, AZ 09206",987-764-6922,4899796718386,997-63102-5394
185,Winfred Oswalt,"9169 Lori Keys Suite 730 Woodschester, RI 01003",266.052.0519,5208001275896626,600-80956-6227
186,James Porter,USNS Meadows FPO AP 48165,486.689.1601,4769420987717,540-62322-7399
187,Kenneth Hoffpavir,"831 Lane Underpass Sallyside, NE 37352",2407514629,372120611417607,727-17898-6830
188,Richard Tucker,"95089 Amanda Light Thompsonchester, FL 98838",2930268811,3596902892213498,741-68777-9391
189,Edna Mcbride,"PSC 8492, Box 3214 APO AA 46222",211.427.4798,639082740684,693-96597-6586
190,Hans Dittman,"3073 Matthew Causeway Apt. 873 South Michelle, MT 00735",211-518-6494,503842175575,442-99620-8582
191,Edward Bryan,"0407 Danielle Street East Lisa, MA 24819",5821693423,4545054618079,513-87122-3743
192,Max Littell,"78750 Jonathan Squares Suite 391 East Mariaside, AK 04695",2155413552,4439639259296,836-33971-3229
193,William Massey,"7438 Brandon Mission Apt. 273 East Andreachester, SD 81133",7127317975,4616620753121253,487-12051-3213
194,Viola Clardy,"87545 Kyle Place Suite 948 Port Juanside, TN 33355",6363821201,4102346243089943533,433-36841-5208
195,Joyce Bradford,Unit 5669 Box 1702 DPO AP 26761,2377120446,213136610479888,978-84085-0722
196,Judith Daniels,"0789 John Vista New Kaylaborough, WI 37494",931-120-9066,4906205433224,993-76716-4863
197,William Turner,"9838 Manning Parkways West Sarafort, VA 70338",992.045.6911,213129686449968,403-39767-6844
198,Walter Arcangel,"964 Mark Rest Suite 369 Port Matthewmouth, SC 13392",1814124759,4554502610821914794,464-20235-5614
199,Maurice Riggs,USS Barnes FPO AP 50884,819.617.1220,4292689142490455265,339-15977-6592
200,Raymond Purcell,"22594 Thomas Glen Suite 065 Smithchester, KS 91872",193.188.1851,4293454668118539,854-98484-9856
201,Frances Nelson,"PSC 3132, Box 0567 APO AE 58780",674.023.2713,3543554869595839,965-78152-4014
202,John Parks,"720 Jared Mall Apt. 457 Coopermouth, NY 56637",648-278-8936,341683020140365,837-32556-9084
203,Kenneth Foley,"11889 Bridges Lodge Suite 537 West Patrick, CA 76384",2232916715,4419833304457436,939-66396-1565
204,Jose Warrior,"41929 Fleming Gardens Nathanland, CO 82107",715-538-3747,2720167002395384,191-57317-3389
205,Scott Thomas,"663 Smith Brooks Lake Monique, NJ 99202",263-236-2233,4440389047352,256-38645-5429
206,Josefina Hoople,"791 Brown Skyway Suite 516 South Sandra, IN 64513",400-577-4939,4664906631184527,367-69490-8756
207,Rita Joyner,"095 Eric Knolls Joshualand, ID 88930",9517296824,30346466685394,738-86483-8735
208,Barry Griffith,"0462 Donna Villages East Zacharyland, AZ 37721",9636650473,4042609189097769,259-84789-0952
209,Holly Boyd,"26835 Tiffany Glen Apt. 939 Robertton, MA 50902",7616744076,346369594916654,361-55432-4426
210,Bruce Sanderson,"39568 Alan Mission New Matthew, LA 73020",599.183.4175,4580367493148517,708-92080-9252
211,Joni Estes,"79518 Campbell Square Suite 640 South Cynthia, VT 50971",970-858-7082,563113274879,116-70538-6280
212,Brian Sisson,"38191 Diaz Spur Millerview, DE 12287",8738736392,4719188028469,768-54040-0043
213,John Gilliam,"6695 Justin Hill Jeffreyfort, VT 34669",764.621.2679,4205397578999875658,577-80418-4898
214,Melody Brinkhaus,"197 Malone Harbors Jamiefurt, ME 17493",948-583-5757,4681003270901015049,338-40650-7329
215,Keisha Garcia,"95427 Sarah Summit Julieport, MO 56687",599-783-3778,6513165500177181,153-35145-0782
216,Kelly Chapa,"9740 Amber Shoals Apt. 217 Stephanieview, KY 72379",933.031.6929,4733443730066,744-11606-2133
217,Pedro Vichidvongsa,"07639 Gutierrez Dam Suite 107 New Aaronville, NC 27710",679.344.4468,30542507275506,157-40581-1058
218,Kari Ivie,"8803 Jennifer Drive Lake Kelly, FL 51088",908.018.2467,2697857324469474,269-52609-7015
219,Gerry Osteen,"2027 Dan Trafficway West Heather, NV 70704",7414286402,213147656940345,863-42961-1301
220,Jacob Amado,"20598 Elizabeth Village Apt. 801 South Leah, AZ 03570",4697363197,676275651468,570-50703-6790
221,David Foley,"5156 Laura Hill Apt. 437 New Scott, IL 87435",952-675-4622,213194814044008,258-28749-5684
222,Karin Johansen,"166 Mary Flats Suite 115 Michaelland, MI 90596",4772009154,4493307727052347,157-42845-7098
223,Lorraine Stoker,"057 Russell Prairie Apt. 525 Lake Melissa, NM 91979",8548830225,30473104129781,147-52639-4393
224,Cheryl Fuhrman,"8262 Williams Summit Suite 481 Lake Patriciashire, AL 06127",198-350-3587,4987982803011,674-70991-2531
225,Ernest Mitchell,"19037 Perry Village Janiceberg, LA 60228",2181045590,2269693892506019,946-14308-9831
226,Charmain Huntington,"2434 Williams Ways North Ronald, AK 48750",955.841.8072,4468369002253,451-98015-5365
227,Carl Grady,"1358 Burns Plain Suite 520 Port Jennifershire, DE 95346",431.265.1942,4855283884820531,480-55249-3194
228,Samantha Hopkins,"4940 Sarah Locks South Marymouth, TN 29655",170.808.1711,3544571119827050,468-60818-2705
229,Tina Baker,"7300 Jennifer Underpass Apt. 021 New Angela, NV 65697",6716968929,340910207032292,425-64227-1088
230,Brandi Carwell,"677 Peterson Well Suite 306 Smithport, ME 85484",901-664-9453,373893042174737,336-55625-7887
231,Bobby Kang,"PSC 5527, Box 1434 APO AE 18929",9934381010,342929709439415,774-15513-7518
232,Gregory Jackson,"9623 Laura Haven Apt. 676 Lake Steven, OK 48085",557-085-6753,6011704719966898,512-30889-3031
233,Jennifer Labonte,"178 Donna Bridge Port Jasmine, LA 30122",469.021.2625,4759460224741,545-56800-3101
234,Brian Williams,"729 Kevin Turnpike Apt. 208 Hicksport, AK 96671",433.554.3791,2716275183354223,887-64421-6557
235,Frieda Jovich,USNV Gilmore FPO AP 89506,352.782.5402,3584829468990486,721-91647-8922
236,Anthony Dorsey,"655 Garcia Run Port Jamie, MN 79807",965.400.9869,4584999479420,595-10551-5929
237,Jessica Quick,Unit 2069 Box 5943 DPO AE 75286,777.809.1437,4586529856332384,852-11471-6002
238,Ofelia Lunde,"316 Johnson Mission Apt. 512 Pricestad, NM 29741",274.671.8606,342005610813541,485-91288-2073
239,Richard Ramos,Unit 3642 Box 7136 DPO AP 93496,168-028-2602,4477019806079535,665-85023-3639
240,Maria Brown,"3883 Brandon River Michaelside, PA 18735",506-745-8731,3526553037129423,699-71008-9104
241,Justin Seymour,"86308 Cindy Row Suite 926 Port Stevenstad, NV 65340",986-076-5713,374280811226063,186-51696-7461
242,Joyce Walker,"68090 Levine Parkway Josephmouth, DC 43188",9983660624,213181321054885,689-58929-9432
243,Ira Armstrong,"67617 Johnson Mews Apt. 997 Alexanderfort, WI 47543",614-465-2193,2232796499502788,681-96452-5172
244,Aaron Berry,"569 Lopez Branch West Kyleshire, NE 36335",3464307924,4062811178579,397-64094-7012
245,Priscilla Roy,"403 Ferguson Underpass Apt. 605 Lake David, CA 22296",514.683.7544,4850342981561607,936-93046-2171
246,Dorothy Monroe,"68736 Brian Bypass Suite 745 Jacobsport, WA 42468",4421551420,213138721603083,224-76317-5491
247,Richard Rinaldi,"05002 Brittany Valleys Josephtown, ME 24826",5702767092,4608945254460557,137-77759-5953
248,James Kendrick,"276 Mary Wells West Daniel, AZ 90494",7116843590,4566976175402,548-74458-6514
249,Tracey Simonds,"59482 Trevor Port East Sergio, HI 57409",252-405-8999,30481510179795,505-36331-4771
250,Walter Gorham,"39178 Kenneth Coves Suite 272 North Georgeland, ID 23312",402-003-7377,4735335879923542,389-63652-7348
251,Phillip Nelson,"30984 Micheal Loaf Jeanetteville, ME 63611",7583837611,6574071732665330,231-75728-2577
252,Dorothy Fanter,"PSC 9954, Box 6448 APO AA 10185",861.085.3563,377421769604185,403-42668-3529
253,Kenneth Stade,"375 Luna Extension North Julia, MS 54732",164-313-9561,3527472446896481,716-35061-8802
254,Tommy Moore,Unit 1645 Box 2272 DPO AP 71745,3043719370,30383249329222,972-99032-5071
255,Rose Monahan,"024 Luis Prairie Allisonview, DE 23511",5586582205,4194213842211,893-77371-3787
256,Lula Tubb,"82656 Gallegos Isle East Alyssaton, MN 18355",780-009-5900,347589094405721,336-62707-1592
257,Mary Bew,"6120 Nelson Drive Apt. 432 South Rickychester, NH 87162",667.380.4464,180073897428347,437-98694-8275
258,John Richardson,"4811 Wayne Coves Kylechester, DE 24501",801-491-6249,4377287301426,645-63325-8086
259,James Ross,"0608 Brenda Centers New Timothychester, TX 46869",7976647538,5132453973012751,463-14711-5462
260,Angel Weathers,"7339 Allison Pine Susantown, VA 31298",8312192111,180044821967981,822-84489-7886
261,Everett Mullins,"870 Frazier Common Pamelastad, UT 39551",4793222433,4853523110436775590,678-18383-2419
262,Joseph Mcdevitt,"81802 Williams Causeway Apt. 288 South Melissa, FL 73226",525.234.5850,3562066421642427,797-15538-6497
263,Dale Martinez,Unit 9174 Box 5187 DPO AP 50057,8905200410,4862155995110,189-19200-3357
264,Rachel Kujawa,"613 Washington Parkways East Jacobton, WY 19266",702-447-2410,378385982009432,549-65345-3190
265,John Lewis,"1735 Moreno Turnpike Apt. 507 Lake Josestad, WA 86867",893.043.8790,30554582936118,859-90057-5155
266,Jessica Davis,"539 William Creek Apt. 921 Lake Stacyberg, OR 69813",5023870499,676180887439,234-99371-5570
267,Jerry Eames,"21533 Kelly Trace Suite 615 Jimburgh, UT 60672",976.204.5027,6599049904203677,541-86353-6036
268,Shu Davis,"0926 Dudley Street Apt. 277 Perkinsville, MO 22410",671-443-2734,4603844756081406,123-10702-2134
269,Robert Orbeck,"2144 Baker Plains Apt. 588 Lawrenceshire, ME 79531",5570581683,3534513844654435,405-30422-4916
270,Jeffrey Keating,"2604 Alison Island Suite 529 Rodriguezside, AR 73390",222-018-9621,4582718328464,334-85223-4446
271,Brandon Joseph,"54538 John Row Apt. 948 South Robertton, KS 01847",620.537.6220,3560499653030916,170-83015-6321
272,Robin Lynch,"92264 Brown Pines Suite 824 North Tammyhaven, WV 70631",515.275.9294,180066204496189,297-13612-1493
273,Mamie Carlton,Unit 6395 Box 7892 DPO AA 75742,730-732-9243,6011452502754317,909-33722-9724
274,Duane Eddy,"4922 Mikayla Mission Kelleyport, FL 84467",6855637457,676308997904,234-64425-4633
275,Randal Day,Unit 2511 Box 6462 DPO AA 02319,907-509-2020,4236054290480164,959-11556-6382
276,Dorothy Pryor,"34410 Jennifer Drive New Tammychester, VA 19723",2715291636,6585383082235045,638-24299-9822
277,Sandra Wolfe,"7214 Clarence Plains Suite 292 Allenburgh, VT 24535",216-756-0541,180067024584170,187-15181-2283
278,Janice Green,"PSC 2846, Box 8877 APO AE 26206",9686566290,501838959952,392-77669-5932
279,Gordon Dobkowski,"604 John Grove Apt. 751 Lake Cynthia, IN 61231",2682729441,213192044940532,752-26158-8891
280,Janice Herke,"8973 Travis Falls Hernandezchester, UT 18891",663.259.2251,344060721400330,474-19733-7998
281,Charles Williamson,"4197 Gray Corner Suite 612 East Andreaburgh, CO 64609",258.688.4473,213165706720822,806-31139-8587
282,Evan Henderson,"338 James Plaza Apt. 333 West John, ID 93905",299.635.8390,213154865084048,134-16400-1654
283,Holly Wigfield,"PSC 2642, Box 7357 APO AP 17158",216.014.9766,30544995693612,847-71877-3742
284,Edward Brown,USS Alexander FPO AP 67698,464.093.2060,4868348379682764,706-11070-8153
285,Cyrus Wix,"605 Arthur Parks Apt. 986 Brownchester, KS 35561",972.264.4227,6558588892544062,588-30045-6380
286,Ruben Taylor,"744 John Station Apt. 384 Evansshire, ID 96321",579-798-6561,3590316665595260,136-52265-2724
287,Joanna Bonds,"955 Martin Row West Andreaview, WY 04213",312-572-4268,3531714879657342,277-56669-8561
288,Louis Quigley,"9723 Amy Crossroad Suite 286 Lake Matthew, VT 30597",641.257.6716,3565308673280374,722-62839-1717
289,Debra Fortner,"0311 Hall Unions New Lindamouth, NM 69017",200-657-1674,4717262742822218,865-42051-9924
290,Ruby Keaton,"9328 Barber Ranch Apt. 513 Port Nicholasside, AL 91367",6078645683,30418742605718,933-33811-6954
291,Walter Chambers,"PSC 0322, Box 4025 APO AA 84456",230-464-0191,503848214766,788-31992-0632
292,Kevin Richard,"265 Garcia Knolls Apt. 965 Janeberg, IA 97515",433.630.5759,4651341115950,792-42265-3148
293,James Morris,"5204 Kathleen Forks Suite 809 North Rachael, MT 69598",9977002835,30195100830902,910-89379-4418
294,Norman Maynard,"9490 Javier Plaza South Michaelton, MS 34975",744.149.0824,4329348972976653576,736-31433-1762
295,Carla Kirchausen,"201 Ryan Valley Suite 335 West Randy, WA 20528",106.824.9969,2270793464551919,658-30483-3986
296,Amber Jansons,"482 Jason Plaza Lake Jaimehaven, KY 88853",448.328.8026,4561385260788,797-36567-3591
297,Nathaniel Gause,"152 Bailey Extension Apt. 080 New Samuelborough, SD 43386",753-274-9125,3509712362939084,670-35124-5299
298,Timothy Dunbar,"7505 Wheeler Expressway Apt. 249 East Kimberlyport, IN 89447",348-401-5173,6011709054975602,963-28131-7773
299,Evelyn Johnson,"1945 Wallace Junctions Suite 695 North Julianville, LA 24344",4016001406,4871776711678809462,363-42735-9543
300,Heather Preece,"0192 Angela Burg Shawbury, IN 82009",535.251.3802,213175546343172,516-24758-5620
301,Jonathan Applegate,"26112 Richard Point West Ericborough, LA 91920",1093872116,3598261145058301,215-24293-7438
302,William Poyer,"5184 Davidson Pike Leslieview, WV 37543",425-603-1090,4639989566357134309,137-36497-9380
303,Timothy Pena,"5221 Jeffrey Parkway Apt. 943 East Justin, OK 63879",323-842-8024,4286400982516048,710-80521-6533
304,Doris Funk,"631 Robert Port Apt. 160 Sharonfurt, NV 53861",693.742.0745,3560900665324924,571-90815-9294
305,Dustin Lang,"123 Christina Corners Apt. 708 New Nicholas, MT 79906",970-226-0683,180019726111711,991-73348-2328
306,Herbert Wong,"20873 Mary Trail South John, DE 56438",4582027085,3571947182191226,657-30554-5627
307,Rosalie Guzman,"037 Mata Points Apt. 482 Lopezburgh, SD 62440",2500549678,38710452694383,898-13623-9266
308,Thurman Owen,"9908 Cook Parkway Suite 692 Lake Karenbury, DE 01315",4411964167,4112145453601460,948-14878-3083
309,Richard Hendler,"027 Estes Land West Leonshire, DC 42612",122.145.8782,2292607749655358,573-10998-7221
310,Lynn Aldridge,"138 Kirby Ridges South Kimberly, MT 63487",677.204.5881,4062294120981671,296-72832-1993
311,Joe Diaz,"61984 Douglas Route Clarkchester, UT 55173",5993818619,4204898745571533032,928-68021-2827
312,Karen Evans,USNS Gilbert FPO AP 28420,467.624.0941,3507504554442528,784-30947-8077
313,Rena Dennis,"013 Tiffany Walks Suite 275 Stephenburgh, TN 95880",8814473496,213182454503003,940-57341-2585
314,Mary Hoganson,"512 Underwood Lodge New Rachaelbury, IA 54169",252.771.5872,4121531263160103,748-53267-5308
315,Lawrence Ferguson,"80565 Hernandez Parks East Kristen, IA 68699",1183914801,4861144110221096,129-11244-8247
316,Patrick Clemmons,"772 Sarah Rue East Connorshire, MI 03741",965-460-0053,30309364336866,815-93453-8565
317,Piper Fisher,"2469 Joseph Motorway Suite 723 Danielburgh, DC 29208",423.626.0393,4351406853700261634,237-43901-7384
318,Edna Rugg,"654 Berry Squares Suite 657 Mcdonaldberg, AR 63452",1806206038,347976748780460,693-27454-8568
319,Rebecca Burnett,"6195 Pitts Road Suite 231 Colehaven, NJ 97416",8383929281,676300910327,480-54102-6089
320,Damon White,"18228 Smith Canyon Darrellchester, LA 73430",700.523.1250,376585794511960,504-96434-4786
321,Roger Sitzes,"67060 Larry Neck Port David, NM 32247",930.846.3294,3575844286076161,799-30997-6759
322,Antonio Delallo,"024 Humphrey Cove Suite 897 Brendaton, TN 66632",9782304475,4295083319905222,439-66817-5228
323,Angela Marchan,"0153 Johnson Summit Jasmineton, KY 41865",326.373.7447,2720038643776722,442-82697-0294
324,Luella Schultz,"76027 Kimberly Route Apt. 902 Port Johnnytown, MD 72608",223.287.1841,180091946433852,720-70291-3409
325,Anna Mcnatt,"955 Jennifer Rapid Lake Scottfurt, AK 43166",3955860687,4934942927746,453-86975-9905
326,Tomasa Russell,"99255 Monica Inlet Apt. 821 East Teresa, CO 05214",6396585912,2265165528134569,645-95023-3111
327,Robert Crouse,"94380 Andrea Crest Apt. 797 Jacksonshire, MT 31554",348.862.9844,3571728808208176,517-47164-6001
328,Cheryl Oshaughnessy,"5872 Charles Ridge Suite 949 West Stacy, TX 86457",374-019-6853,4084810501579158996,273-73557-3895
329,William Jackson,"14263 Jeremy Walks Lake Francisco, KY 98851",193.234.1697,4926209912656550,799-38378-2911
330,Amanda Porter,"0013 David Ports Suite 024 North Rhondaton, NY 53919",683-141-6503,3546814696116408,539-98038-0057
331,Virginia Forbes,"600 Chase Mill North Johnland, TX 41910",637-743-3794,6556735827324514,660-99215-5496
332,Mark Silver,"7347 Warren Crossing Suite 614 West Dana, UT 03073",388.639.6377,4180166376075,940-21580-3400
333,Jean Johnson,"2176 Dean Oval South Morganborough, VT 62620",4285338654,3594720040324419,309-41413-2189
334,Scott Cannon,"566 Michael Canyon Apt. 251 Lake Christopher, ND 57069",1918558176,4794467374894775,865-38777-5428
335,Maria Burkholder,"023 Dixon Village West Dennis, NJ 55679",319.136.3960,377895051491130,953-89002-2719
336,Alberto Trotter,"4089 Jennifer Loop Lake Kurtshire, NJ 06083",747.684.8861,676354981752,273-62112-8444
337,Vanessa Lewis,"74633 Mann Tunnel North Tammy, SC 24720",271.547.4801,6546562060183768,911-13542-3021
338,George Loring,"835 Evan Overpass North Jasonfort, DE 65413",8431871341,3531634667607384,609-25309-2479
339,April Greenhill,USS Knox FPO AA 62729,9634510523,3562844273982566,543-28000-5282
340,Charles Bailey,"4523 Patrick Ramp East Kyle, DE 19259",6746590368,639066705943,845-71647-4112
341,Tarsha Johnson,"89598 Cardenas Ranch Nicolebury, NY 19628",387.082.4823,213124682405304,404-67539-8769
342,Carl Hay,"245 Hernandez Glens West Kennethstad, AL 11170",6753147881,30343410854861,867-47534-9080
343,Carolyn Desimone,"27623 Shelby Light Apt. 256 South Douglasmouth, AZ 82264",7623147756,180030044912557,867-67912-8275
344,Michael Allen,"4561 Cruz Isle Jasminestad, IN 80737",274.542.0037,4900942433090310617,668-44618-1408
345,Merle Hoskins,"3898 David Path Apt. 943 Lake Robin, IL 58059",2994697971,6595460680053588,962-50175-6084
346,Jesus Shafer,"55622 James Brook Suite 624 Lindsayhaven, WV 63324",1335036066,4972215916513898,215-22394-3869
347,Matthew Marinaccio,"660 David Landing Kennethland, UT 58746",889.172.8454,3569866248957103,160-74943-9230
348,Robert Funes,"5102 May Field West Hannah, CT 13700",413.283.9362,3534809986231457,942-82127-7060
349,Scott Havercroft,"53428 Johnson Overpass Suite 636 North Phillip, OR 26366",1977386974,2507104096408327,300-98110-6701
350,Jeannine Conkling,"3010 James Burg East Traviston, OR 99127",193-117-3659,180031858559757,718-77137-6758
351,David Stiles,"51014 Ashley Neck Apt. 703 Port Erik, IN 18699",890.860.7552,3559472394185565,809-38290-2697
352,Mark Oliver,"155 Bailey Port South Whitney, SC 47601",6033992388,4721785482429374950,347-32443-4145
353,Calvin Mcghee,"59206 Evans Rapid Apt. 235 East Gwendolynfurt, OK 29420",544-844-5210,3570855971627964,901-41389-4834
354,Donna Taylor,"298 Andrea Creek East Karenmouth, MA 25919",385-711-3357,2703536795767903,962-61960-4167
355,Susan Harrison,"3105 Taylor Squares Suite 185 Port Bradleyfurt, MN 60390",335.604.6684,4565434441224,286-38612-8483
356,Rogelio Knapp,"8737 Ramos Burgs Suite 393 Port Williambury, NE 38275",817-686-0678,180007251788359,499-28372-5811
357,Sean Crossno,"41626 Paul Tunnel Keithstad, GA 03220",9710155055,3576678348514085,926-60731-6288
358,Christopher Cone,"3521 Daniel Curve Pooleburgh, IL 16513",528-591-4250,2553868263932391,390-75110-0675
359,Steve Sanders,"50951 Gomez Corner Costaland, OK 65872",180.577.6567,4555212892125156,482-58463-9854
360,Sergio Arias,"13838 Dalton Green Apt. 646 Antonioberg, IA 39272",604.082.3540,3594709721775015,696-33592-7199
361,Ruth Kendrick,"84649 Jason Trail Morenoborough, NE 75888",250.429.8906,3551671154908714,484-71569-1126
362,Felicia Gonzales,"0374 Taylor Circle East Robert, KY 96731",829-415-0292,3513803807563920,900-60382-8178
363,Benjamin Kiefer,USNS King FPO AA 04798,3710918809,4188252019178,805-66587-1375
364,Annette Carson,"33391 Roberts Throughway North Peter, NC 71786",508-016-5341,180030770943461,561-93319-4268
365,William Rowe,"6222 Johnson Way Apt. 797 Maryfort, GA 56791",424.854.1107,5551667906713399,673-27671-9332
366,Claude Singleton,"946 Taylor Curve Dawnland, AZ 43087",791-192-1051,6011382667789172,167-93019-1169
367,Stanley Neal,"469 Nancy Centers Suite 228 Tatechester, ID 17154",722.479.1312,373344488597825,352-84732-5826
368,Maria Knupp,"249 Heather Mountain Nicholasfort, AR 93454",937-568-0322,2247360028817499,702-75617-6189
369,Francis Larsen,"4795 Jose Wall Vincentville, TN 83185",471-605-3894,4160883502534641233,277-60254-7991
370,Roger Schroeder,"842 Tucker Island Lake Debra, MI 43755",2561897144,568976352902,796-79926-0249
371,Isabel Flax,"1788 Duncan Coves Apt. 158 New Cheryl, MS 31585",6036237260,36407977007314,748-28757-4304
372,Steven Lloyd,"225 Rodriguez Radial Albertfurt, CO 06848",418.133.1017,180032029547143,416-34551-6760
373,Corine Winnie,"9779 Smith Lakes Barkerton, MO 56823",907-082-5312,2231937627901754,742-64972-7645
374,Angelo Farness,"83838 Santos Villages Tammyview, FL 40806",2057163018,4034976386948288,130-91104-4993
375,Ruth Bryant,"038 Weeks Station Port Lindsey, MA 82766",902-837-9271,30151506418677,304-54459-7902
376,Geraldine Malcolm,"83791 Mejia Stream Suite 439 North Makaylafurt, PA 78158",773-304-7772,38527417439864,726-21791-9386
377,David Corrigan,"6456 Amy Village Suite 765 North Williamville, KY 28870",973-497-4128,3548225613974530,904-47992-1116
378,George Danker,Unit 7141 Box 8047 DPO AP 62911,8656550366,676238973942,757-66974-8011
379,Kimberly Jones,"3513 Oneal Groves Rubioshire, NM 46535",5914203413,4568292082448944,296-42056-9242
380,Sabine Blake,"15718 John Springs Suite 700 Aliciachester, PA 25761",667.845.5895,3569249944569888,837-54589-9023
381,John Edwards,"829 Flores Mount Apt. 710 Chapmantown, ID 99919",327-420-1403,6573868576977981,987-28912-1474
382,Thelma Gullo,"74654 Curry Ramp Lake Morganhaven, SC 21063",649.090.3417,347776318197099,186-99807-7815
383,Ernest Lawson,"562 Perry Court Port Diane, DC 02127",8750917549,38181481473506,382-86125-3489
384,Darryl Dininno,USS Smith FPO AA 03529,334-192-8648,4554826631394,694-69109-8185
385,Mark Boden,"530 Wilcox Branch Claudiamouth, CT 93145",522-766-5882,30542350017302,868-58012-7151
386,David Munoz,"40539 Thomas Key Port Michael, MN 27592",576.156.4550,4320776853575105715,912-93662-0859
387,Johnny Friedman,"547 Joshua Way Apt. 703 Hallmouth, AK 08424",705-669-7664,4809038644184017,152-13934-7122
388,Wendell Blount,"1254 Monica Brook Lake Stevenfort, TN 78628",2556491729,3587120727841588,693-85208-5819
389,Nelson Hall,"363 Moran Spring Port Savannahfort, MA 58526",434.408.4145,180095086521202,526-44096-6444
390,Yolanda Kyer,"350 Schmitt Bridge Apt. 686 New Kevinshire, IL 29626",687.403.4088,4616854179595309,732-25922-7401
391,Kevin Wilson,"8122 Brandon Unions Port Grant, IN 72266",500-382-3345,2718637862898929,693-58022-8408
392,Candice Kennedy,"PSC 1277, Box 3848 APO AE 38408",624-450-0115,3513334009923357,401-92290-1565
393,Della Shiflett,"29439 Tyrone Lock Suite 632 Jamesfurt, MN 37801",8322078491,4153444654146726,422-25858-6211
394,Alton Smith,"739 Taylor Estates Apt. 743 New Theresa, VA 89317",460-160-1522,3505428886719720,673-94477-5084
395,Jeffrey Martin,"36060 Johnston Fords Suite 378 Lake Calvinview, OR 66663",933.641.4793,347681620262864,403-73568-1013
396,Carlo Chapman,"8713 Anderson Freeway Garyborough, NV 51826",205.283.0042,213159965172429,206-98039-0456
397,Robbyn Chandler,"48418 Nichols Meadows East Ashleymouth, FL 15818",739.111.7325,3570677304706269,711-70309-4945
398,Francis Sanchez,"4796 Matthews Keys New Jefferyshire, CA 57133",890.641.4324,4301417336299653579,311-81310-4757
399,John Orndorff,"7440 Robinson Summit Suite 868 West Margarethaven, CO 90868",1422360775,379063327513116,448-81676-4081
400,Gregorio Warfield,"348 Martin Lights Karenstad, NH 71733",804-109-6273,3526697244533420,388-77878-4644
401,Amanda Lewis,"89177 Brian Expressway New Timothy, MA 21171",9245503310,4464970456112445493,315-33152-2103
402,Janet Bolton,"3437 Davis Vista Apt. 672 Port Travisport, DE 24585",4361292364,5284789510482940,320-18514-8210
403,Maribel Vu,"37042 Johnson Valleys Cooperfort, TN 48507",877-295-4082,4057171193653554602,322-63818-8591
404,Louis Lara,"5139 Little Lodge Suite 930 Parkerstad, NV 90818",892.190.7843,4493280622243529,428-45871-8590
405,Jose Wright,"15175 Kent Crossing Apt. 632 Michaelmouth, MN 32373",1468342231,676293934888,358-39263-6861
406,Cynthia Robitaille,"79697 Rodriguez Locks Suite 146 Dustinhaven, WV 64717",233-300-4535,4855844872874607026,628-37516-7949
407,Ronald White,"48238 Regina Walk Lake Mark, ID 23419",3705389575,6520588123369185,890-89020-2851
408,Frances Valencia,"86781 Curtis Fields Suite 812 South Tina, MI 25356",639.736.2167,3530957810919443,111-53833-8731
409,James Millard,"90075 Dominic Forge Scottshire, NJ 37103",863-194-4490,502098259406,664-99833-0370
410,Linda Hammond,"PSC 7570, Box 2909 APO AP 93327",668-538-8530,6011800084318572,287-38230-4458
411,Gabriella Ramirez,"199 Jacobs Glen Apt. 666 Colemanhaven, IL 67080",5161070985,4098595907882439,811-39953-6303
412,Crystal Acker,USNV Davis FPO AA 05088,602.197.6313,3586356255355531,878-40736-8320
413,Gene Jolly,"909 Serrano Light Apt. 197 North Sandratown, MO 63639",140-671-3999,375255456092565,724-70413-3319
414,Mae Lozano,"698 Jones Points Suite 408 Meganhaven, MT 43448",156-240-6258,30506761722958,355-98703-1599
415,Michael Addiego,"369 Walker Course Suite 167 North Mark, FL 96697",971-760-8476,4560274798593,949-45490-7072
416,Johnnie Minihane,"705 Jesse Estate Suite 057 East Kimberlybury, NE 57395",463.217.8530,568898842121,444-90174-0629
417,Russell Chan,"PSC 1022, Box 1612 APO AA 66196",750-783-5319,4374314080037521,164-96336-3232
418,Carmen Santamaria,"15188 Williams Lock Suite 081 Malikborough, WI 45158",481.059.1344,341370150239049,904-44781-6585
419,Oliver Albino,"3473 Jeffrey Manors Suite 211 Lake Karenchester, MS 22722",5858313662,2707038181366974,203-84761-9717
420,Joseph Cavazos,"889 Boyle Club Apt. 755 Sosaview, SC 62053",272.869.3495,370051482613044,521-64923-3967
421,Arcelia Kiely,"3965 Wayne Ramp Kaylaburgh, DC 14917",8894445024,4114089748568679917,122-44050-5721
422,Wendy Lewis,"33249 Edwards Brooks Lake Julie, GA 67592",307-450-7624,4282859029613,216-26933-5741
423,Thomas Staton,"68761 Christopher Springs Suite 901 Marthatown, MT 77038",1368840261,5204755483414936,636-26167-9408
424,Joyce Jones,"622 Fox Walk Suite 075 Angelabury, WY 38182",518.157.5361,4637320844970140,645-68317-7688
425,Frank Kuhns,"256 Jennifer Street Apt. 135 Donaldborough, OK 99752",836.843.6258,4269515552260676684,672-92947-5692
426,Shannon Bell,"067 Williams Springs Apt. 532 Shortside, TN 62454",316.305.5866,4585389826129753,875-62428-7505
427,Floyd Gallegos,"598 Olson Spur Apt. 971 Port Michael, PA 50764",3004591670,6011957882989226,854-37106-5724
428,Vickie Craven,"26225 Wright Neck Suite 422 Lake Kennethhaven, PA 04449",8507318897,4072178259896,779-57700-3322
429,Anne Hart,"665 Caitlyn Burg Apt. 554 East Maryland, CT 20725",336-106-1910,5190839399699602,157-21562-3611
430,Emily Pond,"802 Michelle Springs Lake Cherylland, AL 89378",1234742574,342441333551011,130-42812-1166
431,Robert Markel,"18279 Diana Stravenue Suite 541 Lake Jenniferberg, CT 65228",7170398173,4216470157045706,767-68663-6981
432,Mary Plumer,"75178 Alvarez Villages Apt. 017 Phyllisburgh, MT 66344",359.847.7477,213112943544904,891-56390-3630
433,Jesus Nutt,"725 Green Stream Suite 211 Josefurt, ID 65249",533.058.8793,2290011783180187,383-93590-8425
434,Robert Webber,USCGC Riley FPO AP 71927,684.098.8222,4616697137357426144,491-32688-8394
435,Chad Byrd,"471 Marie Place Port Kimberlyfurt, MS 52245",234-410-1335,3549458477268769,176-38052-3909
436,Joseph Latta,"69904 Dillon Valley Bridgetville, GA 71350",774-443-0413,6552332295120808,119-79576-7382
437,Angela Martin,"1326 Miller Circle Apt. 742 New Sara, NY 32204",4835771677,213151616754853,345-30890-2790
438,Justin Webb,"917 Harrington Summit Apt. 874 New Meghan, TN 49516",848.013.2299,343833042034678,722-67554-3476
439,Imelda Williams,"99591 Mason View Foxburgh, SC 05297",369-552-3336,4841246293673473698,902-77551-5788
440,Juan Powers,"PSC 4729, Box 8804 APO AE 67660",8730251420,676325582317,319-94981-0009
441,Joyce Frey,"00005 Steven Valleys Apt. 220 Snyderside, WY 24793",6295105179,4714275127953709251,570-69781-6877
442,Antonio Frawley,"36302 Amy Street Dixonmouth, WV 14114",467.119.7697,4220972673536109828,246-91443-0388
443,Danny Cashman,"724 Bryan Burg North Stephanie, ND 47562",866.186.5844,2714567803925131,759-75673-7367
444,Linda Mizell,"41381 Jackson Port Apt. 815 Port Susan, WI 96294",188.653.7229,4261131136582961,672-65691-1157
445,Chris Vargas,"002 Robert Centers Apt. 567 New John, NY 67921",852-406-6773,3514691028304136,856-68496-9318
446,Shirley Stohlton,"419 Gonzalez Gateway Apt. 451 Lake Isaiahtown, SD 82530",3916129025,3548219107244070,767-71829-8791
447,Hector Boyer,"58302 Mark Mews Suite 558 South Sarahville, MO 59537",852.499.0095,4575215795553487,103-97595-3092
448,Duane Kubota,"12538 Theresa Squares Suite 361 North Jeffreyton, WI 05845",668.304.1982,347752353368390,640-76763-0479
449,Jesse Jones,"38486 Vicki Station West Matthew, KS 24558",4270274381,3500448881343297,881-74532-3625
450,Pauline Mccloud,"9326 Monica Lodge Guerraland, FL 13018",9158865793,344634515702091,800-76193-3558
451,Dwayne Bennett,"3858 Eric Station Suite 921 Lewisbury, IA 33556",750-053-3922,2296804337563278,293-51341-0631
452,Thomas Haertel,"78497 Susan Greens Suite 794 Lake Roberto, MA 42226",186-412-0176,30264531539688,350-58623-7518
453,Carmine Lance,USNS Anderson FPO AP 08752,540-685-5070,561471347717,201-53757-6852
454,Kyle Salinas,"616 Craig Plains Erinberg, NJ 47920",772-721-3763,4755329959261,781-62782-5045
455,Kelly Richard,"501 Doyle Summit New Stephanie, OH 31106",451.772.8195,639026963913,890-31807-2389
456,Thomas Frost,"318 Gonzalez Light Apt. 855 New Jeremy, TX 79134",377-728-8053,3504968327270602,432-89451-0813
457,Steven Dorgan,"2829 Victoria Spring Suite 278 Lake Ericland, TX 46679",329-005-6676,2430816206587854,666-96739-9078
458,Antonio Bouffard,"748 Bailey Ford Apt. 191 Port Keithland, OR 46151",650.029.7184,4957457672696,808-77617-8208
459,Angie Crawford,"45172 Jackson Road Suite 400 South Lauren, WV 12115",256-430-4304,180082946485661,857-95138-8970
460,Sharon Lawson,"1395 Barnett Cliff Suite 491 New Eduardofort, NM 82868",3371602640,5177661380332416,846-67905-2872
461,John Lynch,"1876 Megan Radial Carpenterton, NH 21780",235-333-2700,2290489516947967,539-77975-8303
462,Jesse Giesen,"5463 Smith Hill Apt. 543 Bryanside, SD 85718",768-405-0121,375953147698747,461-28348-2701
463,Robert Burton,USS Ashley FPO AP 09769,593-376-8450,503800634696,882-22291-3007
464,Todd Greene,"7729 Lucas Rapid Port Scott, IN 88522",7606530128,180010724438149,339-36220-1942
465,Kevin Guido,"20120 Reed Plaza Suite 742 Spencerburgh, MS 82550",711.334.8256,4458357892974422,401-12264-7087
466,Carol Mcgee,"085 Adrienne Lights Suite 884 Jameston, LA 85678",6488246680,4619403717749171,117-87850-0575
467,John Pryor,"51825 Miles Lakes Suite 242 Lake Taramouth, MA 64514",809.484.2802,4412121871842791262,149-80170-8428
468,Melissa Wagner,"31913 Macdonald Loaf Suite 801 Normanborough, NH 53636",974.250.4084,6011667393286166,532-50341-3112
469,Mitchel Schwartzkopf,"14100 Cole Parkways Suite 862 North Sabrinamouth, NJ 98817",887.591.0722,4968773408704082,857-77676-3469
470,John Rodriguez,"452 Daniel Stravenue Port Christiemouth, AK 76406",609.743.1432,349260733187389,868-46936-6618
471,Elizabeth Parrish,"516 Sara Tunnel Suite 013 Dannyhaven, FL 81319",689.682.5680,6535405063013561,745-75310-5310
472,Carlo Leeman,"689 Browning Neck Apt. 842 North Chad, OH 98659",507-641-5533,30008571810081,481-77412-5063
473,Michele Stinson,"230 Charles Underpass Suite 988 Jacksonland, KY 72185",276.277.8588,3558975601709176,635-43124-9081
474,David Cox,"4828 Thompson Groves Suite 733 Aprilside, NH 67250",406.064.5417,4362256567548902989,457-98988-8091
475,Gabriele Heefner,"3325 Barbara Burgs Annaside, NM 95233",6356270748,3591914829277608,118-64800-2576
476,Stephen Torpey,"26242 Gordon Circle Apt. 185 Francisstad, NY 76557",143-673-0643,6513700804203745,644-26770-7144
477,George Smith,"4354 Mcdaniel Hills Apt. 005 Manningmouth, ME 38397",4865824697,4189242311219952310,922-26458-6316
478,Julia Key,"683 Heather Loaf Birdberg, OR 78723",8076291988,5201447577115412,269-62113-8836
479,Ted Miller,"82725 Dana Station Suite 773 Nicolemouth, CA 30751",651.146.7055,3549093079702772,314-55575-0770
480,Kevin Walter,"767 Bowman Rue Bryantport, OK 15700",511-179-6258,2720130072933583,258-56024-4766
481,Daniel Nichols,"49302 Brown Neck Apt. 715 Lake Cynthiaborough, ID 11702",878.450.1306,4918712087328582,919-39999-2613
482,Lucy Charan,"49218 Jeffrey Stravenue North Taylorhaven, ND 36607",862.225.7389,4477024684129287,394-45437-3089
483,John Allen,"914 Sierra Loop Apt. 120 Rachelland, NH 38981",306-859-5861,180002479664516,801-46024-3535
484,Anthony Tilley,"65677 Reese Way Apt. 246 Campbellshire, ND 46471",450.723.5460,4430172129335179,374-39298-2686
485,Ashley Heath,"713 Randy Turnpike Port Daltonshire, MT 80081",755-415-2788,3560835804500473,368-25208-6958
486,Raymond Miller,"PSC 1090, Box 9075 APO AP 44365",157-471-9110,4928032521871311614,955-88221-9224
487,Nan Bollinger,"287 Danielle Point Monroefurt, HI 10883",635.866.4411,4350627577146,474-83351-2059
488,Sally May,"21297 Lamb Mount Suite 374 West Gwendolynview, AL 77183",759.066.0777,36004638238139,817-76196-6682
489,Mary Salberg,"5136 Raymond Corner Apt. 592 Jesseport, AL 28562",762.527.1407,379308443082243,936-28354-4811
490,Jessie Tesmar,"592 Lori Centers Rebeccabury, RI 90090",667-416-5866,3597590408142928,934-17413-9753
491,Elsie Gray,"1440 Carlson Knolls Ronaldport, MT 51104",706.293.3200,213117343140302,359-24929-6500
492,Daniel Rubie,"135 Mary Trail Suite 026 East Stephen, MN 49617",4774698767,213168693065953,208-33226-2240
493,Theodore Clark,"743 Herrera Mill North James, MO 03675",782-185-7588,5302750674791839,211-59360-3389
494,Jared Lenton,"47675 Barbara Rapid Johnsonhaven, TN 12385",400-710-1827,4006959899097276,876-78249-4973
495,Kelly Cross,USNS Chan FPO AP 53727,415-712-4916,3516182602235878,384-47034-3932
496,Willie Heaton,"849 Jacob Harbors Suite 419 Port Sarah, CO 15370",9535216014,4360093914814,379-39424-6771
497,Peggy Romney,"4016 William Cape Lake Lindaborough, UT 61817",9336208359,4823543222693227527,513-67248-5349
498,Susan Brooks,"6603 Denise Plains Apt. 417 Morenofurt, ID 12918",649-326-1217,3594581460971240,222-59659-1890
499,Michael Krick,"4111 Walters Mount Lopezbury, LA 41899",173.814.5781,379563423278019,256-32788-5682
